--Create Paises

INSERT INTO COUNTRY (ID,CREATED_AT,ISO_CODE3,NAME,UPDATED_AT)VALUES(1,'2022-11-05','USA','United States of America','2022-11-05');
INSERT INTO COUNTRY (ID,CREATED_AT,ISO_CODE3,NAME,UPDATED_AT)VALUES(2,'2022-11-05','DOM','Dominican Republic','2022-11-05');
INSERT INTO COUNTRY (ID,CREATED_AT,ISO_CODE3,NAME,UPDATED_AT)VALUES(3,'2022-11-05','CAD','Canada','2022-11-05');


--create hotels
INSERT INTO HOTEL(ID,CREATED_AT,HOTEL_CODE,NAME,UPDATED_AT,COUNTRY_ID)VALUES(1,'2022-11-05','HOT1','Hotel Demo 1','2022-11-05',1);
INSERT INTO HOTEL(ID,CREATED_AT,HOTEL_CODE,NAME,UPDATED_AT,COUNTRY_ID)VALUES(2,'2022-11-05','HOT2','Hotel Demo 1','2022-11-05',2);
INSERT INTO HOTEL(ID,CREATED_AT,HOTEL_CODE,NAME,UPDATED_AT,COUNTRY_ID)VALUES(3,'2022-11-05','HOT3','Hotel Demo 1','2022-11-05',3);
INSERT INTO HOTEL(ID,CREATED_AT,HOTEL_CODE,NAME,UPDATED_AT,COUNTRY_ID)VALUES(4,'2022-11-05','HOT4','Hotel Demo 1','2022-11-05',2);
INSERT INTO HOTEL(ID,CREATED_AT,HOTEL_CODE,NAME,UPDATED_AT,COUNTRY_ID)VALUES(5,'2022-11-05','HOT5','Hotel Demo 1','2022-11-05',1);



---Crete user
INSERT INTO CUSTOMER (ID, CREATED_AT, EMAIL, FIRST_NAME, LAST_NAME, UPDATED_AT) VALUES (1, '2022-11-05', 'customer@customer.com', 'Jhon', 'Doe', '2022-11-05');
INSERT INTO CUSTOMER (ID, CREATED_AT, EMAIL, FIRST_NAME, LAST_NAME, UPDATED_AT) VALUES (2, '2022-11-05', 'customer02@customer.com', 'Aron', 'Smith', '2022-11-05');
INSERT INTO CUSTOMER (ID, CREATED_AT, EMAIL, FIRST_NAME, LAST_NAME, UPDATED_AT) VALUES (3, '2022-11-05', 'customer03@customer.com', 'Albert', 'Hendry', '2022-11-05');


--create rooms
INSERT INTO ROOM (ID, CREATED_AT, DESCRIPTION, NUMBER, UPDATED_AT, HOTEL_ID) VALUES (1, '2022-11-05', 'Just For Demo', '8081', '2022-11-05', 1);
INSERT INTO ROOM (ID, CREATED_AT, DESCRIPTION, NUMBER, UPDATED_AT, HOTEL_ID) VALUES (2, '2022-11-05', 'Just For Demo', '8082', '2022-11-05', 1);
INSERT INTO ROOM (ID, CREATED_AT, DESCRIPTION, NUMBER, UPDATED_AT, HOTEL_ID) VALUES (3, '2022-11-05', 'Just For Demo', '8083', '2022-11-05', 1);
INSERT INTO ROOM (ID, CREATED_AT, DESCRIPTION, NUMBER, UPDATED_AT, HOTEL_ID) VALUES (4, '2022-11-05', 'Just For Demo', '8084', '2022-11-05', 1);
INSERT INTO ROOM (ID, CREATED_AT, DESCRIPTION, NUMBER, UPDATED_AT, HOTEL_ID) VALUES (5, '2022-11-05', 'Just For Demo', '8085', '2022-11-05', 1);


INSERT INTO ROOM (ID, CREATED_AT, DESCRIPTION, NUMBER, UPDATED_AT, HOTEL_ID) VALUES (6, '2022-11-05', 'Just For Demo', '8086', '2022-11-05', 2);
INSERT INTO ROOM (ID, CREATED_AT, DESCRIPTION, NUMBER, UPDATED_AT, HOTEL_ID) VALUES (7, '2022-11-05', 'Just For Demo', '8087', '2022-11-05', 2);
INSERT INTO ROOM (ID, CREATED_AT, DESCRIPTION, NUMBER, UPDATED_AT, HOTEL_ID) VALUES (8, '2022-11-05', 'Just For Demo', '8088', '2022-11-05', 2);
INSERT INTO ROOM (ID, CREATED_AT, DESCRIPTION, NUMBER, UPDATED_AT, HOTEL_ID) VALUES (9, '2022-11-05', 'Just For Demo', '8089', '2022-11-05', 2);
INSERT INTO ROOM (ID, CREATED_AT, DESCRIPTION, NUMBER, UPDATED_AT, HOTEL_ID) VALUES (10, '2022-11-05', 'Just For Demo', '8090', '2022-11-05', 2);

INSERT INTO ROOM (ID, CREATED_AT, DESCRIPTION, NUMBER, UPDATED_AT, HOTEL_ID) VALUES (11, '2022-11-05', 'Just For Demo', '8091', '2022-11-05', 3);
INSERT INTO ROOM (ID, CREATED_AT, DESCRIPTION, NUMBER, UPDATED_AT, HOTEL_ID) VALUES (12, '2022-11-05', 'Just For Demo', '8092', '2022-11-05', 3);
INSERT INTO ROOM (ID, CREATED_AT, DESCRIPTION, NUMBER, UPDATED_AT, HOTEL_ID) VALUES (13, '2022-11-05', 'Just For Demo', '8093', '2022-11-05', 3);
INSERT INTO ROOM (ID, CREATED_AT, DESCRIPTION, NUMBER, UPDATED_AT, HOTEL_ID) VALUES (14, '2022-11-05', 'Just For Demo', '8094', '2022-11-05', 3);
INSERT INTO ROOM (ID, CREATED_AT, DESCRIPTION, NUMBER, UPDATED_AT, HOTEL_ID) VALUES (15, '2022-11-05', 'Just For Demo', '8095', '2022-11-05', 3);

INSERT INTO ROOM (ID, CREATED_AT, DESCRIPTION, NUMBER, UPDATED_AT, HOTEL_ID) VALUES (16, '2022-11-05', 'Just For Demo', '8096', '2022-11-05', 4);
INSERT INTO ROOM (ID, CREATED_AT, DESCRIPTION, NUMBER, UPDATED_AT, HOTEL_ID) VALUES (17, '2022-11-05', 'Just For Demo', '8097', '2022-11-05', 4);
INSERT INTO ROOM (ID, CREATED_AT, DESCRIPTION, NUMBER, UPDATED_AT, HOTEL_ID) VALUES (18, '2022-11-05', 'Just For Demo', '8098', '2022-11-05', 4);

INSERT INTO ROOM (ID, CREATED_AT, DESCRIPTION, NUMBER, UPDATED_AT, HOTEL_ID) VALUES (19, '2022-11-05', 'Just For Demo', '8099', '2022-11-05', 5);
INSERT INTO ROOM (ID, CREATED_AT, DESCRIPTION, NUMBER, UPDATED_AT, HOTEL_ID) VALUES (20, '2022-11-05', 'Just For Demo', '8100', '2022-11-05', 5);